\c books_project;

INSERT INTO books (title, published_year, author, description, category, is_favorite, uri) VALUES
('Remeberber Me', '2008', 'Sophie kinsella','Lexi wakes up in a hospital bed after a car accident, thinking it`s 2004 and she`s a twenty-five-year old with crooked teeth and a disastrous love life. But, to her disbelief, she learns it`s actually 2007 - she`s twenty-eight, her teeth are straight, she`s the boss of her department - and she`s married!', 'Romance', true, 'https://photos-us.bazaarvoice.com/photo/2/cGhvdG86YmFybmVzYW5kbm9ibGU/c2bfa944-3062-5745-ae17-b1ba65c8dbd5'),
('Britt-Marie Was Here', '2014', 'Fredrik Backman','Britt-Marie Was Here revolves around 63-year-old Britt-Marie, a woman who finds herself living alone after her husband has a heart attack and cheats on her with another woman. Needing to start a live on her own, she goes to the job centre and doesn`t leave until she has a job.', 'Domistic Fiction', false, 'https://d28hgpri8am2if.cloudfront.net/book_images/onix/cvr9781501142543/britt-marie-was-here-9781501142543_hr.jpg'),
('The Secret Dreamworld of a Shopaholic', '2000', 'Sophie Kinsella','Rebecca Bloomwood is a financial journalist who is good at her job, but has a bad habit of shopping.', 'Comedy', false, 'https://m.media-amazon.com/images/I/91U7asZAXYL.jpg'),
('The Immoralists', '2018', 'Chloe Benjamin','A sweeping novel of remarkable ambition and depth, The Immortalists probes the line between destiny and choice, reality and illusion, this world and the next. It is a deeply moving testament to the power of story, the nature of belief, and the unrelenting pull of familial bonds.', 'Domestic fiction', false, 'https://m.media-amazon.com/images/W/IMAGERENDERING_521856-T2/images/I/91X4ZCruKNL._AC_UF1000,1000_QL80_.jpg'),
('The Nightingale', '2015', 'Kristin Hannah','Two sisters in Nazi-occupied France must navigate the dangers of war and find ways to survive.', 'Historical Fiction', true, 'https://image.ebooks.com/cover/1921022.jpg'),
('The Immortal Life of Henrietta Lacks', '2010', 'Rebecca Skloot','Henrietta Lacks was an African American woman whose cancer cells were taken without her knowledge in 1951 and became one of the most important cell lines in medical history.', 'Non-Fiction', false, 'https://images-na.ssl-images-amazon.com/images/I/81gaQzGXepL.jpg'),
('A Touch Novel- Deadly Little Secret', '2008', 'Laurie Faria Stolarz','In Deadly Little Secret we meet Camelia, a well-adjusted teen whose life is pretty ordinary. But after Ben, the mysterious boy who rescued her from a car accident returns to town as the new guy with a dangerous reputation, Camelia`s life takes a darker turn.', 'Thriller', true, 'https://m.media-amazon.com/images/I/51zHZqWsFlL._SX331_BO1,204,203,200_.jpg'),
('Can You keep a Secret', '2003', 'Sophie Kinsella','Emma believes that she is in the clear when she leaves the plane, as she is confident that she will never see that stranger again. However, when he shows up at work, and turns out to be the company`s founder, she is forced to come face-to-face with the man, her secrets, and the desire for her life to change.', 'Comedy', true, 'https://images.penguinrandomhouse.com/cover/9780385338080'),
('A Touch Novel- Deadly Little Voice', '2011', 'Laurie Faria Stolarz','Camelia and Ben are two teens with the power of psychometry. But now Camelia has started to hear voices. Mean voices. Camelia receives frightening premonitions that someone`s in danger. But who is the victim? And how can Camelia help them when she is on the brink of losing her own sanity?', 'Thriller-romance', true, 'https://books.google.com/books/content?id=eSe9CiRYQzcC&pg=PP1&img=1&zoom=3&hl=en&bul=1&sig=ACfU3U1PfxoNou4lwhPQ8PsymzKONjL88A&w=1280'),
('Confession of a Shopaholic', '2000', 'Sophie Kinsella','Confessions of a Shopaholic is the tale of Rebecca Bloomwood and her journey through financial stress and growing up. The novel follows Becky as she tries to find herself among her friends and tries to find herself in the busyness of everyday life.', 'Comedy', false, 'https://i.pinimg.com/736x/53/c4/e0/53c4e013b338eb197fd5249f7a7ad013.jpg'),
('Sunshine and the Comfort Food Cafe', '2018', 'Debbie Johnson', 'For Willow, the ramshackle café overlooking the beach, together with its warm-hearted community, offers friendship as a daily special and always has a hearty welcome on the menu. But when a handsome stranger blows in on a warm spring breeze, Willow soon realises that her quiet country life will be changed forever.', 'Romance', true, 'https://books.google.com/books/publisher/content?id=f68yDwAAQBAJ&pg=PP1&img=1&zoom=3&hl=en&bul=1&sig=ACfU3U1EgSSGweK-A38jAsA311Rm9irHQA&w=1280'),
('Paper Doll Lina', '2021', 'Robyn Lucas', 'Lina Henry is a wife and mother who likens herself to a pretty paper doll. She lives in a beautiful home in the Atlanta suburbs. Her husband, David, is an investment banker. She`s raised two wonderful teenagers. To the outside world, the Henry family is perfect. What no one knows is that Lina`s paper doll life is being torn apart in a controlling and abusive marriage. When Lina develops an unexpected friendship with another man, and reconnects with her former best friend, she begins navigating a way out of the emotional minefield that is her home. But as David senses his loss of control, he becomes more dangerous, and Lina must do everything in her power to protect herself and her children. In order to take back the happiness she deserves, Lina must first rediscover the strength and the fearlessness of her three-dimensional self.', 'Domistic Fiction', true, 'https://i.gr-assets.com/images/S/compressed.photo.goodreads.com/books/1617866474l/56392115.jpg'),
('Love only Better', '2021', 'Paulette Stout', 'Rebecca, is a 28-year-old woman, struggling with problems in the bedroom, despite being declared "fine" by her doctor. She meets a new, unorthodox doctor and also a charming photographer named Kyle, who helps her feel more confident and makes her troubles disappear. However, she eventually has to confront her issue head-on and fight for the life she wants.It contains intimate scenes.', 'Romance', true, 'https://images.squarespace-cdn.com/content/v1/58c180edff7c50dd0e51a2ad/1632335870240-61H8P74L8UYQ5Q6JNZ2P/love+only+better+paulette+stout.jpeg?format=1500w'),
('The Grace Year', '2019', 'Kim Liggett', 'Sixteen-year-old Tierney dreams of a better life, a society that doesn`t pit friend against friend or woman against woman, but as her own grace year draws near, she quickly realizes that it`s not just the brutal elements they must fear.', 'Thriller', true, 'https://images-na.ssl-images-amazon.com/images/S/compressed.photo.goodreads.com/books/1548518877i/43263520.jpg'),
('I Know Every Thing', '2019', 'Matthew Farrell', 'A psychiatrist grapples with his own sanity as murder evidence mounts against him. Police investigator Susan Adler is ready to close the book on a deadly car accident, but after the medical examiner discovers evidence of foul play, she knows she has a murder on her hands.', 'Thriller', true, 'https://whatjessreadsblog.files.wordpress.com/2019/08/abb4904e-a0fd-47ee-b154-4773cefd46f4.jpg?w=1200'),
('I`ve got Your Number', '2011', 'Sophie Kinsella', 'I`ve Got Your Number is about a girl called Poppy, who finds a phone belonging to a total stranger called Sam, and from that moment becomes embroiled in his life. It`s amazing what you can find out about somebody just from a few texts and messages.', 'Romance', true, 'https://www.sophiekinsella.co.uk/wp-content/uploads/2018/07/Ive-got-your-number-PB-REI.jpg'),
('The Wrath and the Dawn', '2015', 'Renee Ahdieh', 'Shahrzad al-Khayzuran, known as Shazi, who had just lost her best friend to the mad boy king. Every night, for three months, he has married a new bride, only to have her hung by dawn the next day. Shazi volunteers to be his next wife, and plans to avenge her friends', 'fantasy', true, 'http://prodimage.images-bn.com/pimages/9780147513854_p0_v4_s1200x630.jpg'),
('The Rose and the Dagger', '2016', 'Renee Ahdieh', 'In a land on the brink of war, Shahrzad has been torn from the love of her husband Khalid, the Caliph of Khorasan. She once believed him a monster, but his secrets revealed a man tormented by guilt and a powerful curse—one that might keep them apart forever.', 'fantasy', true, 'https://m.media-amazon.com/images/W/IMAGERENDERING_521856-T2/images/I/81H-tHNRLiL._AC_UF1000,1000_QL80_.jpg');

INSERT INTO users (username, password)
VALUES
('nikesh2003', '12345'),
('edgy1998', '12345'),
('mina2022', '12345'),
('dilruba2009', '12345');

INSERT INTO reviews (book_id, reviewer, title, content, rating )
VALUES
('1', 'nikesh2003', 'The Best', 'This book was amazing! I read it in like 3 days!', 5 ),
('2', 'dilruba2009', 'The Best', 'This book was amazing! I could`t put it down.', 5),
('3', 'mina2022', 'Meh', 'It was okay. I`ve definitely read better.', 2),
('4', 'dilruba2009', 'Loved It', 'This book was fantastic. I would highly recommend it.', 4),
('5', 'nikesh2003', 'Not for Me', 'I didn`t really enjoy this book. It wasn`t my cup of tea.', 1),
('6', 'nikesh2003', 'Surprisingly Good', 'I wasn`t sure if I would like this book, but it ended up being really good.', 4),
('7', 'mina2022', 'Great Read', 'This book was well-written and kept me engaged throughout.', 4),
('8', 'dilruba2009', 'Disappointing', 'I was really looking forward to this book, but it didn`t live up to my expectations.', 2),
('9', 'nikesh2003', 'Impressive', 'This book was truly impressive. I was blown away.', 5),
('10', 'edgy1998', 'Not Bad', 'It wasn`t the best book I`ve ever read, but it was still a decent read.', 3),
('11', 'dilruba2009', 'Amazing Story', 'The story of this book was truly amazing. I would definitely recommend it.', 5),
('12', 'mina2022', 'Just Okay', 'This book was just okay. It wasn`t anything special.', 2),
('13', 'edgy1998', 'Loved It', 'I loved this book! It was so much fun to read.', 4),
('14', 'edgy1998', 'Not for Me', 'This book wasn`t for me. I didn`t enjoy it very much.', 1),
('15', 'mina2022', 'Really Good', 'This book was really good. I enjoyed it a lot.', 4),
('16', 'dilruba2009', 'Engaging', 'This book was really engaging. I was hooked from the start.', 4),
('17', 'edgy1998', 'Underwhelming', 'This book was underwhelming. I was expecting more.', 2),
('18', 'mina2022', 'Incredible', 'This book was incredible. I couldn`t put it down.', 5);



